ensembl_gene_id,external_gene_name,sample,expression,group,sample_type,condition,is_immune_gene,direction
ENSMUSG00000033576,Apol6,Hin_1,2.2037551036479623,Hin,input,healthy,no,up
ENSMUSG00000033576,Apol6,Hin_2,2.2037551036479623,Hin,input,healthy,no,up
ENSMUSG00000033576,Apol6,Hin_3,2.660557981274521,Hin,input,healthy,no,up
ENSMUSG00000033576,Apol6,Hin_4,2.6495337084191877,Hin,input,healthy,no,up
ENSMUSG00000033576,Apol6,Hin_5,3.442740432961632,Hin,input,healthy,no,up
ENSMUSG00000033576,Apol6,Ein_1,5.030997477349095,Ein,input,EAE,no,up
ENSMUSG00000033576,Apol6,Ein_2,5.31441184724134,Ein,input,EAE,no,up
ENSMUSG00000033576,Apol6,Ein_3,5.372403375368066,Ein,input,EAE,no,up
ENSMUSG00000033576,Apol6,Ein_4,5.536959985338722,Ein,input,EAE,no,up
ENSMUSG00000033576,Apol6,Ein_5,5.645713802000875,Ein,input,EAE,no,up
ENSMUSG00000033576,Apol6,Hip_1,2.2037551036479623,Hip,IP,healthy,no,up
ENSMUSG00000033576,Apol6,Hip_2,2.2037551036479623,Hip,IP,healthy,no,up
ENSMUSG00000033576,Apol6,Hip_3,2.619195653858831,Hip,IP,healthy,no,up
ENSMUSG00000033576,Apol6,Hip_4,2.2037551036479623,Hip,IP,healthy,no,up
ENSMUSG00000033576,Apol6,Hip_5,2.2037551036479623,Hip,IP,healthy,no,up
ENSMUSG00000033576,Apol6,Eip_1,7.207838176057914,Eip,IP,EAE,no,up
ENSMUSG00000033576,Apol6,Eip_2,8.418187786564724,Eip,IP,EAE,no,up
ENSMUSG00000033576,Apol6,Eip_3,7.505586852995945,Eip,IP,EAE,no,up
ENSMUSG00000033576,Apol6,Eip_4,7.1165224651786625,Eip,IP,EAE,no,up
ENSMUSG00000033576,Apol6,Eip_5,7.692019900721221,Eip,IP,EAE,no,up
ENSMUSG00000004098,Col5a3,Hin_1,3.623289228850624,Hin,input,healthy,no,up
ENSMUSG00000004098,Col5a3,Hin_2,2.9505141128562693,Hin,input,healthy,no,up
ENSMUSG00000004098,Col5a3,Hin_3,3.883793860800585,Hin,input,healthy,no,up
ENSMUSG00000004098,Col5a3,Hin_4,3.821837750949011,Hin,input,healthy,no,up
ENSMUSG00000004098,Col5a3,Hin_5,3.4866964122158213,Hin,input,healthy,no,up
ENSMUSG00000004098,Col5a3,Ein_1,5.347029256581179,Ein,input,EAE,no,up
ENSMUSG00000004098,Col5a3,Ein_2,5.970917451418487,Ein,input,EAE,no,up
ENSMUSG00000004098,Col5a3,Ein_3,5.2007829416372475,Ein,input,EAE,no,up
ENSMUSG00000004098,Col5a3,Ein_4,5.380863098855246,Ein,input,EAE,no,up
ENSMUSG00000004098,Col5a3,Ein_5,5.414576156463865,Ein,input,EAE,no,up
ENSMUSG00000004098,Col5a3,Hip_1,2.2037551036479623,Hip,IP,healthy,no,up
ENSMUSG00000004098,Col5a3,Hip_2,2.2037551036479623,Hip,IP,healthy,no,up
ENSMUSG00000004098,Col5a3,Hip_3,2.2037551036479623,Hip,IP,healthy,no,up
ENSMUSG00000004098,Col5a3,Hip_4,2.2037551036479623,Hip,IP,healthy,no,up
ENSMUSG00000004098,Col5a3,Hip_5,2.2037551036479623,Hip,IP,healthy,no,up
ENSMUSG00000004098,Col5a3,Eip_1,6.900970607739984,Eip,IP,EAE,no,up
ENSMUSG00000004098,Col5a3,Eip_2,7.825300055659199,Eip,IP,EAE,no,up
ENSMUSG00000004098,Col5a3,Eip_3,3.7192670659896905,Eip,IP,EAE,no,up
ENSMUSG00000004098,Col5a3,Eip_4,8.444539438161712,Eip,IP,EAE,no,up
ENSMUSG00000004098,Col5a3,Eip_5,6.795067512209458,Eip,IP,EAE,no,up
ENSMUSG00000036553,Sh3tc1,Hin_1,3.0943247259140065,Hin,input,healthy,no,up
ENSMUSG00000036553,Sh3tc1,Hin_2,3.9456689538158733,Hin,input,healthy,no,up
ENSMUSG00000036553,Sh3tc1,Hin_3,3.7217807824258076,Hin,input,healthy,no,up
ENSMUSG00000036553,Sh3tc1,Hin_4,4.071979261455928,Hin,input,healthy,no,up
ENSMUSG00000036553,Sh3tc1,Hin_5,3.5693613399508783,Hin,input,healthy,no,up
ENSMUSG00000036553,Sh3tc1,Ein_1,5.758297712891266,Ein,input,EAE,no,up
ENSMUSG00000036553,Sh3tc1,Ein_2,5.628463970942804,Ein,input,EAE,no,up
ENSMUSG00000036553,Sh3tc1,Ein_3,4.943715492835961,Ein,input,EAE,no,up
ENSMUSG00000036553,Sh3tc1,Ein_4,5.004403443263173,Ein,input,EAE,no,up
ENSMUSG00000036553,Sh3tc1,Ein_5,5.505736748151263,Ein,input,EAE,no,up
ENSMUSG00000036553,Sh3tc1,Hip_1,2.2037551036479623,Hip,IP,healthy,no,up
ENSMUSG00000036553,Sh3tc1,Hip_2,2.2037551036479623,Hip,IP,healthy,no,up
ENSMUSG00000036553,Sh3tc1,Hip_3,2.2037551036479623,Hip,IP,healthy,no,up
ENSMUSG00000036553,Sh3tc1,Hip_4,2.9324468885364987,Hip,IP,healthy,no,up
ENSMUSG00000036553,Sh3tc1,Hip_5,2.2037551036479623,Hip,IP,healthy,no,up
ENSMUSG00000036553,Sh3tc1,Eip_1,8.434457369878807,Eip,IP,EAE,no,up
ENSMUSG00000036553,Sh3tc1,Eip_2,8.051110907260599,Eip,IP,EAE,no,up
ENSMUSG00000036553,Sh3tc1,Eip_3,3.7192670659896905,Eip,IP,EAE,no,up
ENSMUSG00000036553,Sh3tc1,Eip_4,5.605475371210288,Eip,IP,EAE,no,up
ENSMUSG00000036553,Sh3tc1,Eip_5,7.439714469782121,Eip,IP,EAE,no,up
ENSMUSG00000032589,Bsn,Hin_1,9.59469241229078,Hin,input,healthy,no,up
ENSMUSG00000032589,Bsn,Hin_2,9.481154748607095,Hin,input,healthy,no,up
ENSMUSG00000032589,Bsn,Hin_3,9.663026999610224,Hin,input,healthy,no,up
ENSMUSG00000032589,Bsn,Hin_4,9.621491884009597,Hin,input,healthy,no,up
ENSMUSG00000032589,Bsn,Hin_5,9.254889235130461,Hin,input,healthy,no,up
ENSMUSG00000032589,Bsn,Ein_1,9.549501407372556,Ein,input,EAE,no,up
ENSMUSG00000032589,Bsn,Ein_2,10.336688349455562,Ein,input,EAE,no,up
ENSMUSG00000032589,Bsn,Ein_3,9.978071972164708,Ein,input,EAE,no,up
ENSMUSG00000032589,Bsn,Ein_4,9.823800529463519,Ein,input,EAE,no,up
ENSMUSG00000032589,Bsn,Ein_5,9.465945893775933,Ein,input,EAE,no,up
ENSMUSG00000032589,Bsn,Hip_1,9.427565544413046,Hip,IP,healthy,no,up
ENSMUSG00000032589,Bsn,Hip_2,9.40176862050274,Hip,IP,healthy,no,up
ENSMUSG00000032589,Bsn,Hip_3,9.52087740070882,Hip,IP,healthy,no,up
ENSMUSG00000032589,Bsn,Hip_4,9.264846851942076,Hip,IP,healthy,no,up
ENSMUSG00000032589,Bsn,Hip_5,10.194224986763171,Hip,IP,healthy,no,up
ENSMUSG00000032589,Bsn,Eip_1,11.871814281861578,Eip,IP,EAE,no,up
ENSMUSG00000032589,Bsn,Eip_2,11.444949719144894,Eip,IP,EAE,no,up
ENSMUSG00000032589,Bsn,Eip_3,11.08334622553713,Eip,IP,EAE,no,up
ENSMUSG00000032589,Bsn,Eip_4,11.58509261814276,Eip,IP,EAE,no,up
ENSMUSG00000032589,Bsn,Eip_5,11.489940765438023,Eip,IP,EAE,no,up
ENSMUSG00000034936,Arl4d,Hin_1,6.379306238102802,Hin,input,healthy,no,up
ENSMUSG00000034936,Arl4d,Hin_2,5.795141145477338,Hin,input,healthy,no,up
ENSMUSG00000034936,Arl4d,Hin_3,5.767257979792665,Hin,input,healthy,no,up
ENSMUSG00000034936,Arl4d,Hin_4,5.991696348135113,Hin,input,healthy,no,up
ENSMUSG00000034936,Arl4d,Hin_5,6.256381271782062,Hin,input,healthy,no,up
ENSMUSG00000034936,Arl4d,Ein_1,5.5136012488307315,Ein,input,EAE,no,up
ENSMUSG00000034936,Arl4d,Ein_2,5.697177813400821,Ein,input,EAE,no,up
ENSMUSG00000034936,Arl4d,Ein_3,6.555628820944611,Ein,input,EAE,no,up
ENSMUSG00000034936,Arl4d,Ein_4,6.031177507520569,Ein,input,EAE,no,up
ENSMUSG00000034936,Arl4d,Ein_5,7.073764442860339,Ein,input,EAE,no,up
ENSMUSG00000034936,Arl4d,Hip_1,4.493476025635952,Hip,IP,healthy,no,up
ENSMUSG00000034936,Arl4d,Hip_2,4.561037728722876,Hip,IP,healthy,no,up
ENSMUSG00000034936,Arl4d,Hip_3,4.20544763651574,Hip,IP,healthy,no,up
ENSMUSG00000034936,Arl4d,Hip_4,4.4382806129919725,Hip,IP,healthy,no,up
ENSMUSG00000034936,Arl4d,Hip_5,4.835291362535578,Hip,IP,healthy,no,up
ENSMUSG00000034936,Arl4d,Eip_1,6.55248096714547,Eip,IP,EAE,no,up
ENSMUSG00000034936,Arl4d,Eip_2,7.099168714426773,Eip,IP,EAE,no,up
ENSMUSG00000034936,Arl4d,Eip_3,6.695912071276458,Eip,IP,EAE,no,up
ENSMUSG00000034936,Arl4d,Eip_4,8.63763904665001,Eip,IP,EAE,no,up
ENSMUSG00000034936,Arl4d,Eip_5,8.449851662373874,Eip,IP,EAE,no,up
ENSMUSG00000037428,Vgf,Hin_1,7.386505383465285,Hin,input,healthy,no,up
ENSMUSG00000037428,Vgf,Hin_2,6.861793586948436,Hin,input,healthy,no,up
ENSMUSG00000037428,Vgf,Hin_3,7.2660030145657375,Hin,input,healthy,no,up
ENSMUSG00000037428,Vgf,Hin_4,7.738055444642946,Hin,input,healthy,no,up
ENSMUSG00000037428,Vgf,Hin_5,7.575900858009973,Hin,input,healthy,no,up
ENSMUSG00000037428,Vgf,Ein_1,7.385140219723912,Ein,input,EAE,no,up
ENSMUSG00000037428,Vgf,Ein_2,7.39435060461406,Ein,input,EAE,no,up
ENSMUSG00000037428,Vgf,Ein_3,7.3933577280307174,Ein,input,EAE,no,up
ENSMUSG00000037428,Vgf,Ein_4,7.676218716055792,Ein,input,EAE,no,up
ENSMUSG00000037428,Vgf,Ein_5,7.781865326377871,Ein,input,EAE,no,up
ENSMUSG00000037428,Vgf,Hip_1,9.049623942248592,Hip,IP,healthy,no,up
ENSMUSG00000037428,Vgf,Hip_2,9.300448910484954,Hip,IP,healthy,no,up
ENSMUSG00000037428,Vgf,Hip_3,9.204563345157716,Hip,IP,healthy,no,up
ENSMUSG00000037428,Vgf,Hip_4,8.585648684773838,Hip,IP,healthy,no,up
ENSMUSG00000037428,Vgf,Hip_5,9.514596855894059,Hip,IP,healthy,no,up
ENSMUSG00000037428,Vgf,Eip_1,10.931662159995385,Eip,IP,EAE,no,up
ENSMUSG00000037428,Vgf,Eip_2,11.184190657189852,Eip,IP,EAE,no,up
ENSMUSG00000037428,Vgf,Eip_3,11.17653635099507,Eip,IP,EAE,no,up
ENSMUSG00000037428,Vgf,Eip_4,10.864962852791,Eip,IP,EAE,no,up
ENSMUSG00000037428,Vgf,Eip_5,12.16034415138021,Eip,IP,EAE,no,up
ENSMUSG00000017670,Elmo2,Hin_1,8.964593886898875,Hin,input,healthy,no,up
ENSMUSG00000017670,Elmo2,Hin_2,9.191505476721417,Hin,input,healthy,no,up
ENSMUSG00000017670,Elmo2,Hin_3,8.996498053124554,Hin,input,healthy,no,up
ENSMUSG00000017670,Elmo2,Hin_4,9.091160673638392,Hin,input,healthy,no,up
ENSMUSG00000017670,Elmo2,Hin_5,8.877599293630213,Hin,input,healthy,no,up
ENSMUSG00000017670,Elmo2,Ein_1,8.940427685138289,Ein,input,EAE,no,up
ENSMUSG00000017670,Elmo2,Ein_2,8.777252865072908,Ein,input,EAE,no,up
ENSMUSG00000017670,Elmo2,Ein_3,8.986456653042012,Ein,input,EAE,no,up
ENSMUSG00000017670,Elmo2,Ein_4,8.935157870326703,Ein,input,EAE,no,up
ENSMUSG00000017670,Elmo2,Ein_5,9.130373247907587,Ein,input,EAE,no,up
ENSMUSG00000017670,Elmo2,Hip_1,9.052208901096593,Hip,IP,healthy,no,up
ENSMUSG00000017670,Elmo2,Hip_2,8.822091651258335,Hip,IP,healthy,no,up
ENSMUSG00000017670,Elmo2,Hip_3,8.525198319741472,Hip,IP,healthy,no,up
ENSMUSG00000017670,Elmo2,Hip_4,9.101037502401551,Hip,IP,healthy,no,up
ENSMUSG00000017670,Elmo2,Hip_5,8.908268354417032,Hip,IP,healthy,no,up
ENSMUSG00000017670,Elmo2,Eip_1,9.97074749016054,Eip,IP,EAE,no,up
ENSMUSG00000017670,Elmo2,Eip_2,10.031207690487658,Eip,IP,EAE,no,up
ENSMUSG00000017670,Elmo2,Eip_3,9.857982307774936,Eip,IP,EAE,no,up
ENSMUSG00000017670,Elmo2,Eip_4,9.872046436111628,Eip,IP,EAE,no,up
ENSMUSG00000017670,Elmo2,Eip_5,10.027213755003777,Eip,IP,EAE,no,up
ENSMUSG00000048065,Cyb5r2,Hin_1,3.8461359061556433,Hin,input,healthy,no,up
ENSMUSG00000048065,Cyb5r2,Hin_2,4.181117258960689,Hin,input,healthy,no,up
ENSMUSG00000048065,Cyb5r2,Hin_3,3.7783456485234117,Hin,input,healthy,no,up
ENSMUSG00000048065,Cyb5r2,Hin_4,3.6878232874730017,Hin,input,healthy,no,up
ENSMUSG00000048065,Cyb5r2,Hin_5,3.8174298259754083,Hin,input,healthy,no,up
ENSMUSG00000048065,Cyb5r2,Ein_1,4.242324326846366,Ein,input,EAE,no,up
ENSMUSG00000048065,Cyb5r2,Ein_2,4.330927663936197,Ein,input,EAE,no,up
ENSMUSG00000048065,Cyb5r2,Ein_3,3.9066548720810497,Ein,input,EAE,no,up
ENSMUSG00000048065,Cyb5r2,Ein_4,4.122089151673591,Ein,input,EAE,no,up
ENSMUSG00000048065,Cyb5r2,Ein_5,4.180508214033256,Ein,input,EAE,no,up
ENSMUSG00000048065,Cyb5r2,Hip_1,2.2037551036479623,Hip,IP,healthy,no,up
ENSMUSG00000048065,Cyb5r2,Hip_2,2.2037551036479623,Hip,IP,healthy,no,up
ENSMUSG00000048065,Cyb5r2,Hip_3,2.2037551036479623,Hip,IP,healthy,no,up
ENSMUSG00000048065,Cyb5r2,Hip_4,2.2037551036479623,Hip,IP,healthy,no,up
ENSMUSG00000048065,Cyb5r2,Hip_5,2.2037551036479623,Hip,IP,healthy,no,up
ENSMUSG00000048065,Cyb5r2,Eip_1,6.728107177242672,Eip,IP,EAE,no,up
ENSMUSG00000048065,Cyb5r2,Eip_2,2.2037551036479623,Eip,IP,EAE,no,up
ENSMUSG00000048065,Cyb5r2,Eip_3,4.266641216461653,Eip,IP,EAE,no,up
ENSMUSG00000048065,Cyb5r2,Eip_4,2.2037551036479623,Eip,IP,EAE,no,up
ENSMUSG00000048065,Cyb5r2,Eip_5,8.63250593357066,Eip,IP,EAE,no,up
ENSMUSG00000038034,Igsf8,Hin_1,8.35772966555145,Hin,input,healthy,no,up
ENSMUSG00000038034,Igsf8,Hin_2,8.182801286265349,Hin,input,healthy,no,up
ENSMUSG00000038034,Igsf8,Hin_3,8.386692317608563,Hin,input,healthy,no,up
ENSMUSG00000038034,Igsf8,Hin_4,8.557223504625176,Hin,input,healthy,no,up
ENSMUSG00000038034,Igsf8,Hin_5,8.453666120675976,Hin,input,healthy,no,up
ENSMUSG00000038034,Igsf8,Ein_1,8.401366652337785,Ein,input,EAE,no,up
ENSMUSG00000038034,Igsf8,Ein_2,8.692153213042452,Ein,input,EAE,no,up
ENSMUSG00000038034,Igsf8,Ein_3,8.365599805907625,Ein,input,EAE,no,up
ENSMUSG00000038034,Igsf8,Ein_4,8.955829525312064,Ein,input,EAE,no,up
ENSMUSG00000038034,Igsf8,Ein_5,8.445110451975756,Ein,input,EAE,no,up
ENSMUSG00000038034,Igsf8,Hip_1,8.056257769915225,Hip,IP,healthy,no,up
ENSMUSG00000038034,Igsf8,Hip_2,8.517292020513516,Hip,IP,healthy,no,up
ENSMUSG00000038034,Igsf8,Hip_3,7.506240006483585,Hip,IP,healthy,no,up
ENSMUSG00000038034,Igsf8,Hip_4,8.486750432269718,Hip,IP,healthy,no,up
ENSMUSG00000038034,Igsf8,Hip_5,8.279999498582923,Hip,IP,healthy,no,up
ENSMUSG00000038034,Igsf8,Eip_1,9.80898458136352,Eip,IP,EAE,no,up
ENSMUSG00000038034,Igsf8,Eip_2,10.289182113426568,Eip,IP,EAE,no,up
ENSMUSG00000038034,Igsf8,Eip_3,9.777884242555643,Eip,IP,EAE,no,up
ENSMUSG00000038034,Igsf8,Eip_4,9.726716213895596,Eip,IP,EAE,no,up
ENSMUSG00000038034,Igsf8,Eip_5,9.615808264679584,Eip,IP,EAE,no,up
ENSMUSG00000030824,Nucb1,Hin_1,8.472583631107806,Hin,input,healthy,no,up
ENSMUSG00000030824,Nucb1,Hin_2,8.48682524620977,Hin,input,healthy,no,up
ENSMUSG00000030824,Nucb1,Hin_3,8.245468694930869,Hin,input,healthy,no,up
ENSMUSG00000030824,Nucb1,Hin_4,8.378464118370479,Hin,input,healthy,no,up
ENSMUSG00000030824,Nucb1,Hin_5,8.521781097520263,Hin,input,healthy,no,up
ENSMUSG00000030824,Nucb1,Ein_1,8.934631005849013,Ein,input,EAE,no,up
ENSMUSG00000030824,Nucb1,Ein_2,9.042498639603508,Ein,input,EAE,no,up
ENSMUSG00000030824,Nucb1,Ein_3,8.533011930409234,Ein,input,EAE,no,up
ENSMUSG00000030824,Nucb1,Ein_4,8.976209116136623,Ein,input,EAE,no,up
ENSMUSG00000030824,Nucb1,Ein_5,8.717655022155832,Ein,input,EAE,no,up
ENSMUSG00000030824,Nucb1,Hip_1,9.02087939495073,Hip,IP,healthy,no,up
ENSMUSG00000030824,Nucb1,Hip_2,8.859275275489102,Hip,IP,healthy,no,up
ENSMUSG00000030824,Nucb1,Hip_3,8.391101369009908,Hip,IP,healthy,no,up
ENSMUSG00000030824,Nucb1,Hip_4,8.083831694336336,Hip,IP,healthy,no,up
ENSMUSG00000030824,Nucb1,Hip_5,8.309136895465704,Hip,IP,healthy,no,up
ENSMUSG00000030824,Nucb1,Eip_1,10.775209917191331,Eip,IP,EAE,no,up
ENSMUSG00000030824,Nucb1,Eip_2,10.149782743905075,Eip,IP,EAE,no,up
ENSMUSG00000030824,Nucb1,Eip_3,10.24317645427733,Eip,IP,EAE,no,up
ENSMUSG00000030824,Nucb1,Eip_4,9.657106729171655,Eip,IP,EAE,no,up
ENSMUSG00000030824,Nucb1,Eip_5,10.140764515868183,Eip,IP,EAE,no,up
ENSMUSG00000024826,Dpf2,Hin_1,8.209567653749264,Hin,input,healthy,no,up
ENSMUSG00000024826,Dpf2,Hin_2,8.29142165805567,Hin,input,healthy,no,up
ENSMUSG00000024826,Dpf2,Hin_3,8.374594339655568,Hin,input,healthy,no,up
ENSMUSG00000024826,Dpf2,Hin_4,8.442385445147512,Hin,input,healthy,no,up
ENSMUSG00000024826,Dpf2,Hin_5,8.289119795827418,Hin,input,healthy,no,up
ENSMUSG00000024826,Dpf2,Ein_1,8.72393355973699,Ein,input,EAE,no,up
ENSMUSG00000024826,Dpf2,Ein_2,8.901595456865246,Ein,input,EAE,no,up
ENSMUSG00000024826,Dpf2,Ein_3,8.525343475371125,Ein,input,EAE,no,up
ENSMUSG00000024826,Dpf2,Ein_4,8.685762760206973,Ein,input,EAE,no,up
ENSMUSG00000024826,Dpf2,Ein_5,8.7145080210852,Ein,input,EAE,no,up
ENSMUSG00000024826,Dpf2,Hip_1,9.131350871506854,Hip,IP,healthy,no,up
ENSMUSG00000024826,Dpf2,Hip_2,8.539024234798173,Hip,IP,healthy,no,up
ENSMUSG00000024826,Dpf2,Hip_3,8.502422077109948,Hip,IP,healthy,no,up
ENSMUSG00000024826,Dpf2,Hip_4,8.623032736168858,Hip,IP,healthy,no,up
ENSMUSG00000024826,Dpf2,Hip_5,8.841703122923413,Hip,IP,healthy,no,up
ENSMUSG00000024826,Dpf2,Eip_1,9.802469349599177,Eip,IP,EAE,no,up
ENSMUSG00000024826,Dpf2,Eip_2,10.066092315949417,Eip,IP,EAE,no,up
ENSMUSG00000024826,Dpf2,Eip_3,10.6654060613764,Eip,IP,EAE,no,up
ENSMUSG00000024826,Dpf2,Eip_4,9.674826516089817,Eip,IP,EAE,no,up
ENSMUSG00000024826,Dpf2,Eip_5,10.185692158518547,Eip,IP,EAE,no,up
ENSMUSG00000020415,Pttg1,Hin_1,8.137117627671019,Hin,input,healthy,no,up
ENSMUSG00000020415,Pttg1,Hin_2,7.937426299842883,Hin,input,healthy,no,up
ENSMUSG00000020415,Pttg1,Hin_3,8.404651096873234,Hin,input,healthy,no,up
ENSMUSG00000020415,Pttg1,Hin_4,8.352276374078041,Hin,input,healthy,no,up
ENSMUSG00000020415,Pttg1,Hin_5,8.469585925501798,Hin,input,healthy,no,up
ENSMUSG00000020415,Pttg1,Ein_1,8.156888721180481,Ein,input,EAE,no,up
ENSMUSG00000020415,Pttg1,Ein_2,8.262569790713222,Ein,input,EAE,no,up
ENSMUSG00000020415,Pttg1,Ein_3,8.15313054021013,Ein,input,EAE,no,up
ENSMUSG00000020415,Pttg1,Ein_4,8.188273810504997,Ein,input,EAE,no,up
ENSMUSG00000020415,Pttg1,Ein_5,8.504624504842527,Ein,input,EAE,no,up
ENSMUSG00000020415,Pttg1,Hip_1,7.394517761366138,Hip,IP,healthy,no,up
ENSMUSG00000020415,Pttg1,Hip_2,7.203413741947201,Hip,IP,healthy,no,up
ENSMUSG00000020415,Pttg1,Hip_3,7.689546695845682,Hip,IP,healthy,no,up
ENSMUSG00000020415,Pttg1,Hip_4,8.076149059673224,Hip,IP,healthy,no,up
ENSMUSG00000020415,Pttg1,Hip_5,7.097184359590972,Hip,IP,healthy,no,up
ENSMUSG00000020415,Pttg1,Eip_1,8.709841885579168,Eip,IP,EAE,no,up
ENSMUSG00000020415,Pttg1,Eip_2,9.649422028171525,Eip,IP,EAE,no,up
ENSMUSG00000020415,Pttg1,Eip_3,9.1015132942651409,Eip,IP,EAE,no,up
ENSMUSG00000020415,Pttg1,Eip_4,9.793120914285572,Eip,IP,EAE,no,up
ENSMUSG00000020415,Pttg1,Eip_5,9.031046642228786,Eip,IP,EAE,no,up
ENSMUSG00000063146,Clip2,Hin_1,8.754678076237742,Hin,input,healthy,no,up
ENSMUSG00000063146,Clip2,Hin_2,8.733512087410679,Hin,input,healthy,no,up
ENSMUSG00000063146,Clip2,Hin_3,8.694684464736094,Hin,input,healthy,no,up
ENSMUSG00000063146,Clip2,Hin_4,8.715489368130266,Hin,input,healthy,no,up
ENSMUSG00000063146,Clip2,Hin_5,8.554135862779745,Hin,input,healthy,no,up
ENSMUSG00000063146,Clip2,Ein_1,7.846969487649768,Ein,input,EAE,no,up
ENSMUSG00000063146,Clip2,Ein_2,8.004668844331048,Ein,input,EAE,no,up
ENSMUSG00000063146,Clip2,Ein_3,7.9806468178901815,Ein,input,EAE,no,up
ENSMUSG00000063146,Clip2,Ein_4,8.256524496999253,Ein,input,EAE,no,up
ENSMUSG00000063146,Clip2,Ein_5,7.994039780820334,Ein,input,EAE,no,up
ENSMUSG00000063146,Clip2,Hip_1,8.739036265223842,Hip,IP,healthy,no,up
ENSMUSG00000063146,Clip2,Hip_2,8.891306768949315,Hip,IP,healthy,no,up
ENSMUSG00000063146,Clip2,Hip_3,9.086006842629198,Hip,IP,healthy,no,up
ENSMUSG00000063146,Clip2,Hip_4,9.180796516833936,Hip,IP,healthy,no,up
ENSMUSG00000063146,Clip2,Hip_5,9.21318730406579,Hip,IP,healthy,no,up
ENSMUSG00000063146,Clip2,Eip_1,9.966868271386286,Eip,IP,EAE,no,up
ENSMUSG00000063146,Clip2,Eip_2,9.802079175884403,Eip,IP,EAE,no,up
ENSMUSG00000063146,Clip2,Eip_3,9.933866090801805,Eip,IP,EAE,no,up
ENSMUSG00000063146,Clip2,Eip_4,10.59406678605916,Eip,IP,EAE,no,up
ENSMUSG00000063146,Clip2,Eip_5,10.339874209371782,Eip,IP,EAE,no,up
ENSMUSG00000018707,Dync1h1,Hin_1,11.602392627604473,Hin,input,healthy,no,up
ENSMUSG00000018707,Dync1h1,Hin_2,11.942333297771448,Hin,input,healthy,no,up
ENSMUSG00000018707,Dync1h1,Hin_3,11.551017706447348,Hin,input,healthy,no,up
ENSMUSG00000018707,Dync1h1,Hin_4,11.851762894855261,Hin,input,healthy,no,up
ENSMUSG00000018707,Dync1h1,Hin_5,11.346086114465717,Hin,input,healthy,no,up
ENSMUSG00000018707,Dync1h1,Ein_1,12.000914651401006,Ein,input,EAE,no,up
ENSMUSG00000018707,Dync1h1,Ein_2,12.203191425467534,Ein,input,EAE,no,up
ENSMUSG00000018707,Dync1h1,Ein_3,11.700996597651345,Ein,input,EAE,no,up
ENSMUSG00000018707,Dync1h1,Ein_4,12.095690906938957,Ein,input,EAE,no,up
ENSMUSG00000018707,Dync1h1,Ein_5,11.835713725872488,Ein,input,EAE,no,up
ENSMUSG00000018707,Dync1h1,Hip_1,11.587369693554184,Hip,IP,healthy,no,up
ENSMUSG00000018707,Dync1h1,Hip_2,12.117493359024417,Hip,IP,healthy,no,up
ENSMUSG00000018707,Dync1h1,Hip_3,11.481328659719793,Hip,IP,healthy,no,up
ENSMUSG00000018707,Dync1h1,Hip_4,11.809939482636048,Hip,IP,healthy,no,up
ENSMUSG00000018707,Dync1h1,Hip_5,11.841209071089544,Hip,IP,healthy,no,up
ENSMUSG00000018707,Dync1h1,Eip_1,12.494680897180215,Eip,IP,EAE,no,up
ENSMUSG00000018707,Dync1h1,Eip_2,13.397535124513563,Eip,IP,EAE,no,up
ENSMUSG00000018707,Dync1h1,Eip_3,13.314656098945154,Eip,IP,EAE,no,up
ENSMUSG00000018707,Dync1h1,Eip_4,13.595866179980083,Eip,IP,EAE,no,up
ENSMUSG00000018707,Dync1h1,Eip_5,13.354094876816893,Eip,IP,EAE,no,up
ENSMUSG00000032280,Tle3,Hin_1,7.289506513693946,Hin,input,healthy,no,up
ENSMUSG00000032280,Tle3,Hin_2,7.292231838316784,Hin,input,healthy,no,up
ENSMUSG00000032280,Tle3,Hin_3,7.54695090941562,Hin,input,healthy,no,up
ENSMUSG00000032280,Tle3,Hin_4,7.607970144890352,Hin,input,healthy,no,up
ENSMUSG00000032280,Tle3,Hin_5,7.198383070379157,Hin,input,healthy,no,up
ENSMUSG00000032280,Tle3,Ein_1,8.416003756861622,Ein,input,EAE,no,up
ENSMUSG00000032280,Tle3,Ein_2,8.538112101427332,Ein,input,EAE,no,up
ENSMUSG00000032280,Tle3,Ein_3,8.16634057475234,Ein,input,EAE,no,up
ENSMUSG00000032280,Tle3,Ein_4,8.529046395864517,Ein,input,EAE,no,up
ENSMUSG00000032280,Tle3,Ein_5,8.603207134276726,Ein,input,EAE,no,up
ENSMUSG00000032280,Tle3,Hip_1,8.27567396694534,Hip,IP,healthy,no,up
ENSMUSG00000032280,Tle3,Hip_2,6.664541573384044,Hip,IP,healthy,no,up
ENSMUSG00000032280,Tle3,Hip_3,7.493970646191635,Hip,IP,healthy,no,up
ENSMUSG00000032280,Tle3,Hip_4,7.2380950731284415,Hip,IP,healthy,no,up
ENSMUSG00000032280,Tle3,Hip_5,6.794339330914733,Hip,IP,healthy,no,up
ENSMUSG00000032280,Tle3,Eip_1,9.548461669893966,Eip,IP,EAE,no,up
ENSMUSG00000032280,Tle3,Eip_2,9.22449496145449,Eip,IP,EAE,no,up
ENSMUSG00000032280,Tle3,Eip_3,9.958298863965709,Eip,IP,EAE,no,up
ENSMUSG00000032280,Tle3,Eip_4,10.12501180973818,Eip,IP,EAE,no,up
ENSMUSG00000032280,Tle3,Eip_5,8.835462073286857,Eip,IP,EAE,no,up
ENSMUSG00000033055,Ankrd54,Hin_1,5.867274010034033,Hin,input,healthy,yes,up
ENSMUSG00000033055,Ankrd54,Hin_2,5.619651471868386,Hin,input,healthy,yes,up
ENSMUSG00000033055,Ankrd54,Hin_3,6.048260678289019,Hin,input,healthy,yes,up
ENSMUSG00000033055,Ankrd54,Hin_4,5.986635137606239,Hin,input,healthy,yes,up
ENSMUSG00000033055,Ankrd54,Hin_5,5.66523465157246,Hin,input,healthy,yes,up
ENSMUSG00000033055,Ankrd54,Ein_1,6.463674281603262,Ein,input,EAE,yes,up
ENSMUSG00000033055,Ankrd54,Ein_2,6.80648725446202,Ein,input,EAE,yes,up
ENSMUSG00000033055,Ankrd54,Ein_3,6.350471809271856,Ein,input,EAE,yes,up
ENSMUSG00000033055,Ankrd54,Ein_4,7.038793124762221,Ein,input,EAE,yes,up
ENSMUSG00000033055,Ankrd54,Ein_5,6.907131306381986,Ein,input,EAE,yes,up
ENSMUSG00000033055,Ankrd54,Hip_1,6.425222161730685,Hip,IP,healthy,yes,up
ENSMUSG00000033055,Ankrd54,Hip_2,5.510483845954615,Hip,IP,healthy,yes,up
ENSMUSG00000033055,Ankrd54,Hip_3,5.953089962759825,Hip,IP,healthy,yes,up
ENSMUSG00000033055,Ankrd54,Hip_4,6.674710204076735,Hip,IP,healthy,yes,up
ENSMUSG00000033055,Ankrd54,Hip_5,4.889053570500201,Hip,IP,healthy,yes,up
ENSMUSG00000033055,Ankrd54,Eip_1,8.830037083362043,Eip,IP,EAE,yes,up
ENSMUSG00000033055,Ankrd54,Eip_2,8.418187786564724,Eip,IP,EAE,yes,up
ENSMUSG00000033055,Ankrd54,Eip_3,7.7492065350516555,Eip,IP,EAE,yes,up
ENSMUSG00000033055,Ankrd54,Eip_4,7.836833873201745,Eip,IP,EAE,yes,up
ENSMUSG00000033055,Ankrd54,Eip_5,8.773737467207672,Eip,IP,EAE,yes,up
ENSMUSG00000014602,Kif1a,Hin_1,12.437159760647218,Hin,input,healthy,no,up
ENSMUSG00000014602,Kif1a,Hin_2,12.581432219369317,Hin,input,healthy,no,up
ENSMUSG00000014602,Kif1a,Hin_3,12.410018550750829,Hin,input,healthy,no,up
ENSMUSG00000014602,Kif1a,Hin_4,12.770907211256338,Hin,input,healthy,no,up
ENSMUSG00000014602,Kif1a,Hin_5,12.57929291275506,Hin,input,healthy,no,up
ENSMUSG00000014602,Kif1a,Ein_1,12.52409339226205,Ein,input,EAE,no,up
ENSMUSG00000014602,Kif1a,Ein_2,12.726739802045577,Ein,input,EAE,no,up
ENSMUSG00000014602,Kif1a,Ein_3,12.46820798117624,Ein,input,EAE,no,up
ENSMUSG00000014602,Kif1a,Ein_4,12.601176229780913,Ein,input,EAE,no,up
ENSMUSG00000014602,Kif1a,Ein_5,12.239754993363576,Ein,input,EAE,no,up
ENSMUSG00000014602,Kif1a,Hip_1,13.040172029046037,Hip,IP,healthy,no,up
ENSMUSG00000014602,Kif1a,Hip_2,13.008885173488464,Hip,IP,healthy,no,up
ENSMUSG00000014602,Kif1a,Hip_3,12.765708799604415,Hip,IP,healthy,no,up
ENSMUSG00000014602,Kif1a,Hip_4,12.826278997622826,Hip,IP,healthy,no,up
ENSMUSG00000014602,Kif1a,Hip_5,13.523317812147505,Hip,IP,healthy,no,up
ENSMUSG00000014602,Kif1a,Eip_1,13.965005922196111,Eip,IP,EAE,no,up
ENSMUSG00000014602,Kif1a,Eip_2,14.222353958039543,Eip,IP,EAE,no,up
ENSMUSG00000014602,Kif1a,Eip_3,14.103764748667587,Eip,IP,EAE,no,up
ENSMUSG00000014602,Kif1a,Eip_4,14.682213270589422,Eip,IP,EAE,no,up
ENSMUSG00000014602,Kif1a,Eip_5,14.38519158231564,Eip,IP,EAE,no,up
ENSMUSG00000027254,Map1a,Hin_1,13.417763721992086,Hin,input,healthy,yes,up
ENSMUSG00000027254,Map1a,Hin_2,13.772931840771284,Hin,input,healthy,yes,up
ENSMUSG00000027254,Map1a,Hin_3,13.446421581944376,Hin,input,healthy,yes,up
ENSMUSG00000027254,Map1a,Hin_4,13.530706120391995,Hin,input,healthy,yes,up
ENSMUSG00000027254,Map1a,Hin_5,13.201874612177557,Hin,input,healthy,yes,up
ENSMUSG00000027254,Map1a,Ein_1,13.563317671021645,Ein,input,EAE,yes,up
ENSMUSG00000027254,Map1a,Ein_2,13.414517815989491,Ein,input,EAE,yes,up
ENSMUSG00000027254,Map1a,Ein_3,13.374582097290352,Ein,input,EAE,yes,up
ENSMUSG00000027254,Map1a,Ein_4,13.211265400544704,Ein,input,EAE,yes,up
ENSMUSG00000027254,Map1a,Ein_5,13.125640394148155,Ein,input,EAE,yes,up
ENSMUSG00000027254,Map1a,Hip_1,13.819813187138383,Hip,IP,healthy,yes,up
ENSMUSG00000027254,Map1a,Hip_2,13.550660062630987,Hip,IP,healthy,yes,up
ENSMUSG00000027254,Map1a,Hip_3,13.495390650146913,Hip,IP,healthy,yes,up
ENSMUSG00000027254,Map1a,Hip_4,12.977464624050501,Hip,IP,healthy,yes,up
ENSMUSG00000027254,Map1a,Hip_5,12.929211962068395,Hip,IP,healthy,yes,up
ENSMUSG00000027254,Map1a,Eip_1,14.300342433036729,Eip,IP,EAE,yes,up
ENSMUSG00000027254,Map1a,Eip_2,14.931126195205378,Eip,IP,EAE,yes,up
ENSMUSG00000027254,Map1a,Eip_3,14.920672917368575,Eip,IP,EAE,yes,up
ENSMUSG00000027254,Map1a,Eip_4,14.732255385142071,Eip,IP,EAE,yes,up
ENSMUSG00000027254,Map1a,Eip_5,15.269623164527362,Eip,IP,EAE,yes,up
ENSMUSG00000104453,Gm37829,Hin_1,3.911792228960392,Hin,input,healthy,no,up
ENSMUSG00000104453,Gm37829,Hin_2,4.704230454171995,Hin,input,healthy,no,up
ENSMUSG00000104453,Gm37829,Hin_3,4.474479548459191,Hin,input,healthy,no,up
ENSMUSG00000104453,Gm37829,Hin_4,3.7962586116765378,Hin,input,healthy,no,up
ENSMUSG00000104453,Gm37829,Hin_5,4.124559774166667,Hin,input,healthy,no,up
ENSMUSG00000104453,Gm37829,Ein_1,4.462019590764584,Ein,input,EAE,no,up
ENSMUSG00000104453,Gm37829,Ein_2,4.90911305937105,Ein,input,EAE,no,up
ENSMUSG00000104453,Gm37829,Ein_3,4.627397595143855,Ein,input,EAE,no,up
ENSMUSG00000104453,Gm37829,Ein_4,4.31621381463161,Ein,input,EAE,no,up
ENSMUSG00000104453,Gm37829,Ein_5,3.7110948880107357,Ein,input,EAE,no,up
ENSMUSG00000104453,Gm37829,Hip_1,2.2037551036479623,Hip,IP,healthy,no,up
ENSMUSG00000104453,Gm37829,Hip_2,2.2037551036479623,Hip,IP,healthy,no,up
ENSMUSG00000104453,Gm37829,Hip_3,2.2037551036479623,Hip,IP,healthy,no,up
ENSMUSG00000104453,Gm37829,Hip_4,2.2037551036479623,Hip,IP,healthy,no,up
ENSMUSG00000104453,Gm37829,Hip_5,2.2037551036479623,Hip,IP,healthy,no,up
ENSMUSG00000104453,Gm37829,Eip_1,9.246378462497201,Eip,IP,EAE,no,up
ENSMUSG00000104453,Gm37829,Eip_2,2.2037551036479623,Eip,IP,EAE,no,up
ENSMUSG00000104453,Gm37829,Eip_3,7.156942055903421,Eip,IP,EAE,no,up
ENSMUSG00000104453,Gm37829,Eip_4,2.2037551036479623,Eip,IP,EAE,no,up
ENSMUSG00000104453,Gm37829,Eip_5,2.2037551036479623,Eip,IP,EAE,no,up
ENSMUSG00000042492,Tbc1d10b,Hin_1,8.827457919319977,Hin,input,healthy,no,up
ENSMUSG00000042492,Tbc1d10b,Hin_2,8.456041722991529,Hin,input,healthy,no,up
ENSMUSG00000042492,Tbc1d10b,Hin_3,8.726761156069227,Hin,input,healthy,no,up
ENSMUSG00000042492,Tbc1d10b,Hin_4,8.808307580969073,Hin,input,healthy,no,up
ENSMUSG00000042492,Tbc1d10b,Hin_5,8.656032137081928,Hin,input,healthy,no,up
ENSMUSG00000042492,Tbc1d10b,Ein_1,8.639146424113793,Ein,input,EAE,no,up
ENSMUSG00000042492,Tbc1d10b,Ein_2,8.861327274340077,Ein,input,EAE,no,up
ENSMUSG00000042492,Tbc1d10b,Ein_3,8.84987322175448,Ein,input,EAE,no,up
ENSMUSG00000042492,Tbc1d10b,Ein_4,9.273811132018386,Ein,input,EAE,no,up
ENSMUSG00000042492,Tbc1d10b,Ein_5,9.404787635069882,Ein,input,EAE,no,up
ENSMUSG00000042492,Tbc1d10b,Hip_1,8.5286715857569,Hip,IP,healthy,no,up
ENSMUSG00000042492,Tbc1d10b,Hip_2,8.086715313495882,Hip,IP,healthy,no,up
ENSMUSG00000042492,Tbc1d10b,Hip_3,9.274335740000692,Hip,IP,healthy,no,up
ENSMUSG00000042492,Tbc1d10b,Hip_4,7.894408144172189,Hip,IP,healthy,no,up
ENSMUSG00000042492,Tbc1d10b,Hip_5,9.084301167054155,Hip,IP,healthy,no,up
ENSMUSG00000042492,Tbc1d10b,Eip_1,10.594684948469258,Eip,IP,EAE,no,up
ENSMUSG00000042492,Tbc1d10b,Eip_2,11.215602953879038,Eip,IP,EAE,no,up
ENSMUSG00000042492,Tbc1d10b,Eip_3,10.784057043321814,Eip,IP,EAE,no,up
ENSMUSG00000042492,Tbc1d10b,Eip_4,11.092944178661604,Eip,IP,EAE,no,up
ENSMUSG00000042492,Tbc1d10b,Eip_5,9.72854383554715,Eip,IP,EAE,no,up
ENSMUSG00000031879,Fam96b,Hin_1,7.835156960918539,Hin,input,healthy,no,down
ENSMUSG00000031879,Fam96b,Hin_2,7.517774049494821,Hin,input,healthy,no,down
ENSMUSG00000031879,Fam96b,Hin_3,7.957167130195198,Hin,input,healthy,no,down
ENSMUSG00000031879,Fam96b,Hin_4,8.045902977266277,Hin,input,healthy,no,down
ENSMUSG00000031879,Fam96b,Hin_5,8.081315081890844,Hin,input,healthy,no,down
ENSMUSG00000031879,Fam96b,Ein_1,7.3019718847995,Ein,input,EAE,no,down
ENSMUSG00000031879,Fam96b,Ein_2,6.356636138896669,Ein,input,EAE,no,down
ENSMUSG00000031879,Fam96b,Ein_3,7.066704557729076,Ein,input,EAE,no,down
ENSMUSG00000031879,Fam96b,Ein_4,6.68915535364021,Ein,input,EAE,no,down
ENSMUSG00000031879,Fam96b,Ein_5,7.317450099967253,Ein,input,EAE,no,down
ENSMUSG00000031879,Fam96b,Hip_1,8.756578131121271,Hip,IP,healthy,no,down
ENSMUSG00000031879,Fam96b,Hip_2,9.641596461364504,Hip,IP,healthy,no,down
ENSMUSG00000031879,Fam96b,Hip_3,9.161601886874534,Hip,IP,healthy,no,down
ENSMUSG00000031879,Fam96b,Hip_4,9.031910668921093,Hip,IP,healthy,no,down
ENSMUSG00000031879,Fam96b,Hip_5,8.66704556575816,Hip,IP,healthy,no,down
ENSMUSG00000031879,Fam96b,Eip_1,5.036368865646446,Eip,IP,EAE,no,down
ENSMUSG00000031879,Fam96b,Eip_2,2.2037551036479623,Eip,IP,EAE,no,down
ENSMUSG00000031879,Fam96b,Eip_3,5.396466897264531,Eip,IP,EAE,no,down
ENSMUSG00000031879,Fam96b,Eip_4,6.7654385767755185,Eip,IP,EAE,no,down
ENSMUSG00000031879,Fam96b,Eip_5,6.373782497697378,Eip,IP,EAE,no,down
ENSMUSG00000058267,Mrps14,Hin_1,9.088216431996555,Hin,input,healthy,no,down
ENSMUSG00000058267,Mrps14,Hin_2,8.681237945762842,Hin,input,healthy,no,down
ENSMUSG00000058267,Mrps14,Hin_3,8.922262030343273,Hin,input,healthy,no,down
ENSMUSG00000058267,Mrps14,Hin_4,8.876584006462865,Hin,input,healthy,no,down
ENSMUSG00000058267,Mrps14,Hin_5,9.258165983320612,Hin,input,healthy,no,down
ENSMUSG00000058267,Mrps14,Ein_1,8.500837484308063,Ein,input,EAE,no,down
ENSMUSG00000058267,Mrps14,Ein_2,7.942846831335884,Ein,input,EAE,no,down
ENSMUSG00000058267,Mrps14,Ein_3,8.427252576899253,Ein,input,EAE,no,down
ENSMUSG00000058267,Mrps14,Ein_4,8.188273810504997,Ein,input,EAE,no,down
ENSMUSG00000058267,Mrps14,Ein_5,8.342834578206373,Ein,input,EAE,no,down
ENSMUSG00000058267,Mrps14,Hip_1,9.832043074908446,Hip,IP,healthy,no,down
ENSMUSG00000058267,Mrps14,Hip_2,10.285114080220389,Hip,IP,healthy,no,down
ENSMUSG00000058267,Mrps14,Hip_3,10.44613926587321,Hip,IP,healthy,no,down
ENSMUSG00000058267,Mrps14,Hip_4,10.01723783681495,Hip,IP,healthy,no,down
ENSMUSG00000058267,Mrps14,Hip_5,11.68190280897734,Hip,IP,healthy,no,down
ENSMUSG00000058267,Mrps14,Eip_1,7.6273006034113715,Eip,IP,EAE,no,down
ENSMUSG00000058267,Mrps14,Eip_2,8.184125884451795,Eip,IP,EAE,no,down
ENSMUSG00000058267,Mrps14,Eip_3,8.491744940744832,Eip,IP,EAE,no,down
ENSMUSG00000058267,Mrps14,Eip_4,7.70501297011035,Eip,IP,EAE,no,down
ENSMUSG00000058267,Mrps14,Eip_5,7.481523924892258,Eip,IP,EAE,no,down
ENSMUSG00000091537,Tma7,Hin_1,6.81123902617366,Hin,input,healthy,no,down
ENSMUSG00000091537,Tma7,Hin_2,6.566973539272292,Hin,input,healthy,no,down
ENSMUSG00000091537,Tma7,Hin_3,6.949656343434403,Hin,input,healthy,no,down
ENSMUSG00000091537,Tma7,Hin_4,6.908018603901578,Hin,input,healthy,no,down
ENSMUSG00000091537,Tma7,Hin_5,7.116899725154566,Hin,input,healthy,no,down
ENSMUSG00000091537,Tma7,Ein_1,6.844332724875409,Ein,input,EAE,no,down
ENSMUSG00000091537,Tma7,Ein_2,7.254254780243957,Ein,input,EAE,no,down
ENSMUSG00000091537,Tma7,Ein_3,7.016477790998231,Ein,input,EAE,no,down
ENSMUSG00000091537,Tma7,Ein_4,6.784851409010417,Ein,input,EAE,no,down
ENSMUSG00000091537,Tma7,Ein_5,7.150363444149281,Ein,input,EAE,no,down
ENSMUSG00000091537,Tma7,Hip_1,8.193744620351834,Hip,IP,healthy,no,down
ENSMUSG00000091537,Tma7,Hip_2,8.906014804666794,Hip,IP,healthy,no,down
ENSMUSG00000091537,Tma7,Hip_3,9.061287535605258,Hip,IP,healthy,no,down
ENSMUSG00000091537,Tma7,Hip_4,8.231773954425904,Hip,IP,healthy,no,down
ENSMUSG00000091537,Tma7,Hip_5,9.12036029252888,Hip,IP,healthy,no,down
ENSMUSG00000091537,Tma7,Eip_1,6.303793963655521,Eip,IP,EAE,no,down
ENSMUSG00000091537,Tma7,Eip_2,5.908812749261368,Eip,IP,EAE,no,down
ENSMUSG00000091537,Tma7,Eip_3,5.188813475492764,Eip,IP,EAE,no,down
ENSMUSG00000091537,Tma7,Eip_4,6.1036970636324455,Eip,IP,EAE,no,down
ENSMUSG00000091537,Tma7,Eip_5,7.052701632671625,Eip,IP,EAE,no,down
ENSMUSG00000021951,Eef1akmt1,Hin_1,7.09906929700469,Hin,input,healthy,no,down
ENSMUSG00000021951,Eef1akmt1,Hin_2,6.641979832727378,Hin,input,healthy,no,down
ENSMUSG00000021951,Eef1akmt1,Hin_3,7.059649976645307,Hin,input,healthy,no,down
ENSMUSG00000021951,Eef1akmt1,Hin_4,7.361730585220356,Hin,input,healthy,no,down
ENSMUSG00000021951,Eef1akmt1,Hin_5,7.0935854698410825,Hin,input,healthy,no,down
ENSMUSG00000021951,Eef1akmt1,Ein_1,6.844332724875409,Ein,input,EAE,no,down
ENSMUSG00000021951,Eef1akmt1,Ein_2,5.794391319668565,Ein,input,EAE,no,down
ENSMUSG00000021951,Eef1akmt1,Ein_3,6.338816433840995,Ein,input,EAE,no,down
ENSMUSG00000021951,Eef1akmt1,Ein_4,5.536959985338722,Ein,input,EAE,no,down
ENSMUSG00000021951,Eef1akmt1,Ein_5,6.228243715256553,Ein,input,EAE,no,down
ENSMUSG00000021951,Eef1akmt1,Hip_1,8.030265038845242,Hip,IP,healthy,no,down
ENSMUSG00000021951,Eef1akmt1,Hip_2,8.767909617262477,Hip,IP,healthy,no,down
ENSMUSG00000021951,Eef1akmt1,Hip_3,9.211132721738412,Hip,IP,healthy,no,down
ENSMUSG00000021951,Eef1akmt1,Hip_4,8.529566640186562,Hip,IP,healthy,no,down
ENSMUSG00000021951,Eef1akmt1,Hip_5,9.025541309142126,Hip,IP,healthy,no,down
ENSMUSG00000021951,Eef1akmt1,Eip_1,6.593406626840181,Eip,IP,EAE,no,down
ENSMUSG00000021951,Eef1akmt1,Eip_2,4.392885532672507,Eip,IP,EAE,no,down
ENSMUSG00000021951,Eef1akmt1,Eip_3,6.345959509292537,Eip,IP,EAE,no,down
ENSMUSG00000021951,Eef1akmt1,Eip_4,5.605475371210288,Eip,IP,EAE,no,down
ENSMUSG00000021951,Eef1akmt1,Eip_5,5.145524570097416,Eip,IP,EAE,no,down
ENSMUSG00000057469,E2f6,Hin_1,8.896741192719007,Hin,input,healthy,no,down
ENSMUSG00000057469,E2f6,Hin_2,9.150440056440626,Hin,input,healthy,no,down
ENSMUSG00000057469,E2f6,Hin_3,8.964572913760096,Hin,input,healthy,no,down
ENSMUSG00000057469,E2f6,Hin_4,8.6548858284717,Hin,input,healthy,no,down
ENSMUSG00000057469,E2f6,Hin_5,8.829066776355788,Hin,input,healthy,no,down
ENSMUSG00000057469,E2f6,Ein_1,8.465089414150858,Ein,input,EAE,no,down
ENSMUSG00000057469,E2f6,Ein_2,8.290412742838232,Ein,input,EAE,no,down
ENSMUSG00000057469,E2f6,Ein_3,8.496871727751273,Ein,input,EAE,no,down
ENSMUSG00000057469,E2f6,Ein_4,8.685762760206973,Ein,input,EAE,no,down
ENSMUSG00000057469,E2f6,Ein_5,8.21948717904206,Ein,input,EAE,no,down
ENSMUSG00000057469,E2f6,Hip_1,9.891709820534773,Hip,IP,healthy,no,down
ENSMUSG00000057469,E2f6,Hip_2,10.713109367949064,Hip,IP,healthy,no,down
ENSMUSG00000057469,E2f6,Hip_3,9.538148163332043,Hip,IP,healthy,no,down
ENSMUSG00000057469,E2f6,Hip_4,10.242672699330697,Hip,IP,healthy,no,down
ENSMUSG00000057469,E2f6,Hip_5,11.42342755684591,Hip,IP,healthy,no,down
ENSMUSG00000057469,E2f6,Eip_1,8.41180392769173,Eip,IP,EAE,no,down
ENSMUSG00000057469,E2f6,Eip_2,8.471214490583733,Eip,IP,EAE,no,down
ENSMUSG00000057469,E2f6,Eip_3,8.139536308314046,Eip,IP,EAE,no,down
ENSMUSG00000057469,E2f6,Eip_4,8.268975073458511,Eip,IP,EAE,no,down
ENSMUSG00000057469,E2f6,Eip_5,7.89897610984635,Eip,IP,EAE,no,down
ENSMUSG00000062963,Ufc1,Hin_1,9.416171033881751,Hin,input,healthy,no,down
ENSMUSG00000062963,Ufc1,Hin_2,9.29658543398233,Hin,input,healthy,no,down
ENSMUSG00000062963,Ufc1,Hin_3,9.387114903977022,Hin,input,healthy,no,down
ENSMUSG00000062963,Ufc1,Hin_4,9.321552979114722,Hin,input,healthy,no,down
ENSMUSG00000062963,Ufc1,Hin_5,9.659069768836726,Hin,input,healthy,no,down
ENSMUSG00000062963,Ufc1,Ein_1,8.983175798553427,Ein,input,EAE,no,down
ENSMUSG00000062963,Ufc1,Ein_2,8.333872651456453,Ein,input,EAE,no,down
ENSMUSG00000062963,Ufc1,Ein_3,8.823019548633384,Ein,input,EAE,no,down
ENSMUSG00000062963,Ufc1,Ein_4,8.300293955543156,Ein,input,EAE,no,down
ENSMUSG00000062963,Ufc1,Ein_5,9.017443884157974,Ein,input,EAE,no,down
ENSMUSG00000062963,Ufc1,Hip_1,10.487858443956846,Hip,IP,healthy,no,down
ENSMUSG00000062963,Ufc1,Hip_2,10.344932996635796,Hip,IP,healthy,no,down
ENSMUSG00000062963,Ufc1,Hip_3,10.697064983202926,Hip,IP,healthy,no,down
ENSMUSG00000062963,Ufc1,Hip_4,10.061670374701762,Hip,IP,healthy,no,down
ENSMUSG00000062963,Ufc1,Hip_5,10.95240474590859,Hip,IP,healthy,no,down
ENSMUSG00000062963,Ufc1,Eip_1,8.825759507570682,Eip,IP,EAE,no,down
ENSMUSG00000062963,Ufc1,Eip_2,8.418187786564724,Eip,IP,EAE,no,down
ENSMUSG00000062963,Ufc1,Eip_3,8.995318134260144,Eip,IP,EAE,no,down
ENSMUSG00000062963,Ufc1,Eip_4,8.014395269391477,Eip,IP,EAE,no,down
ENSMUSG00000062963,Ufc1,Eip_5,7.41834575965731,Eip,IP,EAE,no,down
ENSMUSG00000032615,Nt5m,Hin_1,7.804291383710021,Hin,input,healthy,no,down
ENSMUSG00000032615,Nt5m,Hin_2,7.995676132039294,Hin,input,healthy,no,down
ENSMUSG00000032615,Nt5m,Hin_3,8.048851240325382,Hin,input,healthy,no,down
ENSMUSG00000032615,Nt5m,Hin_4,8.187595871897647,Hin,input,healthy,no,down
ENSMUSG00000032615,Nt5m,Hin_5,7.8172567010003675,Hin,input,healthy,no,down
ENSMUSG00000032615,Nt5m,Ein_1,7.979595434188927,Ein,input,EAE,no,down
ENSMUSG00000032615,Nt5m,Ein_2,7.6650536654446295,Ein,input,EAE,no,down
ENSMUSG00000032615,Nt5m,Ein_3,7.938916552398539,Ein,input,EAE,no,down
ENSMUSG00000032615,Nt5m,Ein_4,7.891875709798569,Ein,input,EAE,no,down
ENSMUSG00000032615,Nt5m,Ein_5,7.7758373704242665,Ein,input,EAE,no,down
ENSMUSG00000032615,Nt5m,Hip_1,9.325486123388247,Hip,IP,healthy,no,down
ENSMUSG00000032615,Nt5m,Hip_2,10.060335978227782,Hip,IP,healthy,no,down
ENSMUSG00000032615,Nt5m,Hip_3,9.32626603693337,Hip,IP,healthy,no,down
ENSMUSG00000032615,Nt5m,Hip_4,8.935445478573737,Hip,IP,healthy,no,down
ENSMUSG00000032615,Nt5m,Hip_5,9.889655379180713,Hip,IP,healthy,no,down
ENSMUSG00000032615,Nt5m,Eip_1,7.749807229501516,Eip,IP,EAE,no,down
ENSMUSG00000032615,Nt5m,Eip_2,7.741420650740807,Eip,IP,EAE,no,down
ENSMUSG00000032615,Nt5m,Eip_3,8.020793401807515,Eip,IP,EAE,no,down
ENSMUSG00000032615,Nt5m,Eip_4,7.008740963669074,Eip,IP,EAE,no,down
ENSMUSG00000032615,Nt5m,Eip_5,8.073099412492567,Eip,IP,EAE,no,down
ENSMUSG00000031149,Praf2,Hin_1,8.381443885302138,Hin,input,healthy,no,down
ENSMUSG00000031149,Praf2,Hin_2,8.19528222916795,Hin,input,healthy,no,down
ENSMUSG00000031149,Praf2,Hin_3,8.537183833533089,Hin,input,healthy,no,down
ENSMUSG00000031149,Praf2,Hin_4,8.777298247115905,Hin,input,healthy,no,down
ENSMUSG00000031149,Praf2,Hin_5,8.70967765707418,Hin,input,healthy,no,down
ENSMUSG00000031149,Praf2,Ein_1,7.945404292586471,Ein,input,EAE,no,down
ENSMUSG00000031149,Praf2,Ein_2,7.549943530545687,Ein,input,EAE,no,down
ENSMUSG00000031149,Praf2,Ein_3,8.088675185612843,Ein,input,EAE,no,down
ENSMUSG00000031149,Praf2,Ein_4,7.608172760984853,Ein,input,EAE,no,down
ENSMUSG00000031149,Praf2,Ein_5,8.004386760145561,Ein,input,EAE,no,down
ENSMUSG00000031149,Praf2,Hip_1,9.81159286248667,Hip,IP,healthy,no,down
ENSMUSG00000031149,Praf2,Hip_2,10.681098084496892,Hip,IP,healthy,no,down
ENSMUSG00000031149,Praf2,Hip_3,10.220552276129128,Hip,IP,healthy,no,down
ENSMUSG00000031149,Praf2,Hip_4,9.916178083882873,Hip,IP,healthy,no,down
ENSMUSG00000031149,Praf2,Hip_5,10.587567889750733,Hip,IP,healthy,no,down
ENSMUSG00000031149,Praf2,Eip_1,7.854334451614194,Eip,IP,EAE,no,down
ENSMUSG00000031149,Praf2,Eip_2,8.953491634711584,Eip,IP,EAE,no,down
ENSMUSG00000031149,Praf2,Eip_3,8.737432599499408,Eip,IP,EAE,no,down
ENSMUSG00000031149,Praf2,Eip_4,8.359427258075993,Eip,IP,EAE,no,down
ENSMUSG00000031149,Praf2,Eip_5,7.7184816138413055,Eip,IP,EAE,no,down
ENSMUSG00000002409,Dyrk1b,Hin_1,6.547530624264364,Hin,input,healthy,no,down
ENSMUSG00000002409,Dyrk1b,Hin_2,6.467345644072735,Hin,input,healthy,no,down
ENSMUSG00000002409,Dyrk1b,Hin_3,6.543533074013713,Hin,input,healthy,no,down
ENSMUSG00000002409,Dyrk1b,Hin_4,6.825701223850333,Hin,input,healthy,no,down
ENSMUSG00000002409,Dyrk1b,Hin_5,6.429646531825404,Hin,input,healthy,no,down
ENSMUSG00000002409,Dyrk1b,Ein_1,6.044775549851064,Ein,input,EAE,no,down
ENSMUSG00000002409,Dyrk1b,Ein_2,5.269734861636284,Ein,input,EAE,no,down
ENSMUSG00000002409,Dyrk1b,Ein_3,6.254461404975965,Ein,input,EAE,no,down
ENSMUSG00000002409,Dyrk1b,Ein_4,5.536959985338722,Ein,input,EAE,no,down
ENSMUSG00000002409,Dyrk1b,Ein_5,5.797272391993379,Ein,input,EAE,no,down
ENSMUSG00000002409,Dyrk1b,Hip_1,7.627412563087567,Hip,IP,healthy,no,down
ENSMUSG00000002409,Dyrk1b,Hip_2,7.060328250950937,Hip,IP,healthy,no,down
ENSMUSG00000002409,Dyrk1b,Hip_3,7.726716191155988,Hip,IP,healthy,no,down
ENSMUSG00000002409,Dyrk1b,Hip_4,7.5835585063894735,Hip,IP,healthy,no,down
ENSMUSG00000002409,Dyrk1b,Hip_5,8.789251699929142,Hip,IP,healthy,no,down
ENSMUSG00000002409,Dyrk1b,Eip_1,5.25921250824488,Eip,IP,EAE,no,down
ENSMUSG00000002409,Dyrk1b,Eip_2,5.09604672401997,Eip,IP,EAE,no,down
ENSMUSG00000002409,Dyrk1b,Eip_3,5.396466897264531,Eip,IP,EAE,no,down
ENSMUSG00000002409,Dyrk1b,Eip_4,4.170949305787567,Eip,IP,EAE,no,down
ENSMUSG00000002409,Dyrk1b,Eip_5,3.253923890159695,Eip,IP,EAE,no,down
ENSMUSG00000045438,Cox19,Hin_1,7.678025136541969,Hin,input,healthy,no,down
ENSMUSG00000045438,Cox19,Hin_2,7.837443784212489,Hin,input,healthy,no,down
ENSMUSG00000045438,Cox19,Hin_3,7.647609623685302,Hin,input,healthy,no,down
ENSMUSG00000045438,Cox19,Hin_4,7.914174722837057,Hin,input,healthy,no,down
ENSMUSG00000045438,Cox19,Hin_5,7.539717324605475,Hin,input,healthy,no,down
ENSMUSG00000045438,Cox19,Ein_1,7.0354246699226355,Ein,input,EAE,no,down
ENSMUSG00000045438,Cox19,Ein_2,6.759375954804455,Ein,input,EAE,no,down
ENSMUSG00000045438,Cox19,Ein_3,7.038218536681481,Ein,input,EAE,no,down
ENSMUSG00000045438,Cox19,Ein_4,7.089616862383983,Ein,input,EAE,no,down
ENSMUSG00000045438,Cox19,Ein_5,7.033880017525685,Ein,input,EAE,no,down
ENSMUSG00000045438,Cox19,Hip_1,8.961612627062085,Hip,IP,healthy,no,down
ENSMUSG00000045438,Cox19,Hip_2,8.730623438519965,Hip,IP,healthy,no,down
ENSMUSG00000045438,Cox19,Hip_3,8.382811172184697,Hip,IP,healthy,no,down
ENSMUSG00000045438,Cox19,Hip_4,8.730516273695,Hip,IP,healthy,no,down
ENSMUSG00000045438,Cox19,Hip_5,9.530145198711587,Hip,IP,healthy,no,down
ENSMUSG00000045438,Cox19,Eip_1,7.438400310315972,Eip,IP,EAE,no,down
ENSMUSG00000045438,Cox19,Eip_2,7.5574238107136,Eip,IP,EAE,no,down
ENSMUSG00000045438,Cox19,Eip_3,6.911790007745102,Eip,IP,EAE,no,down
ENSMUSG00000045438,Cox19,Eip_4,6.1036970636324455,Eip,IP,EAE,no,down
ENSMUSG00000045438,Cox19,Eip_5,7.385686363168563,Eip,IP,EAE,no,down
ENSMUSG00000037509,Arhgef4,Hin_1,10.341459415174716,Hin,input,healthy,no,down
ENSMUSG00000037509,Arhgef4,Hin_2,10.299101922711824,Hin,input,healthy,no,down
ENSMUSG00000037509,Arhgef4,Hin_3,10.306279067813392,Hin,input,healthy,no,down
ENSMUSG00000037509,Arhgef4,Hin_4,10.569326175198983,Hin,input,healthy,no,down
ENSMUSG00000037509,Arhgef4,Hin_5,10.301059150213275,Hin,input,healthy,no,down
ENSMUSG00000037509,Arhgef4,Ein_1,9.6431086324112,Ein,input,EAE,no,down
ENSMUSG00000037509,Arhgef4,Ein_2,9.170854704211523,Ein,input,EAE,no,down
ENSMUSG00000037509,Arhgef4,Ein_3,9.791434054448166,Ein,input,EAE,no,down
ENSMUSG00000037509,Arhgef4,Ein_4,9.70672700964729,Ein,input,EAE,no,down
ENSMUSG00000037509,Arhgef4,Ein_5,9.408686934854323,Ein,input,EAE,no,down
ENSMUSG00000037509,Arhgef4,Hip_1,10.840547029855509,Hip,IP,healthy,no,down
ENSMUSG00000037509,Arhgef4,Hip_2,11.551055309951387,Hip,IP,healthy,no,down
ENSMUSG00000037509,Arhgef4,Hip_3,11.459818597531259,Hip,IP,healthy,no,down
ENSMUSG00000037509,Arhgef4,Hip_4,11.299810274425871,Hip,IP,healthy,no,down
ENSMUSG00000037509,Arhgef4,Hip_5,11.583997084139407,Hip,IP,healthy,no,down
ENSMUSG00000037509,Arhgef4,Eip_1,10.404160157735342,Eip,IP,EAE,no,down
ENSMUSG00000037509,Arhgef4,Eip_2,9.822626097239096,Eip,IP,EAE,no,down
ENSMUSG00000037509,Arhgef4,Eip_3,10.45258619303261,Eip,IP,EAE,no,down
ENSMUSG00000037509,Arhgef4,Eip_4,10.072505984313105,Eip,IP,EAE,no,down
ENSMUSG00000037509,Arhgef4,Eip_5,10.171403147778188,Eip,IP,EAE,no,down
ENSMUSG00000059278,Naa38,Hin_1,6.916126056860017,Hin,input,healthy,no,down
ENSMUSG00000059278,Naa38,Hin_2,6.660135012680288,Hin,input,healthy,no,down
ENSMUSG00000059278,Naa38,Hin_3,7.287685338097401,Hin,input,healthy,no,down
ENSMUSG00000059278,Naa38,Hin_4,7.481176805580447,Hin,input,healthy,no,down
ENSMUSG00000059278,Naa38,Hin_5,7.418355509495008,Hin,input,healthy,no,down
ENSMUSG00000059278,Naa38,Ein_1,6.3976014043680065,Ein,input,EAE,no,down
ENSMUSG00000059278,Naa38,Ein_2,5.556249626305527,Ein,input,EAE,no,down
ENSMUSG00000059278,Naa38,Ein_3,6.373502070720948,Ein,input,EAE,no,down
ENSMUSG00000059278,Naa38,Ein_4,5.536959985338722,Ein,input,EAE,no,down
ENSMUSG00000059278,Naa38,Ein_5,6.210415712667134,Ein,input,EAE,no,down
ENSMUSG00000059278,Naa38,Hip_1,9.131350871506854,Hip,IP,healthy,no,down
ENSMUSG00000059278,Naa38,Hip_2,9.457030567931923,Hip,IP,healthy,no,down
ENSMUSG00000059278,Naa38,Hip_3,8.684763701265467,Hip,IP,healthy,no,down
ENSMUSG00000059278,Naa38,Hip_4,8.86957756045394,Hip,IP,healthy,no,down
ENSMUSG00000059278,Naa38,Hip_5,9.539394395590339,Hip,IP,healthy,no,down
ENSMUSG00000059278,Naa38,Eip_1,4.5307521819028675,Eip,IP,EAE,no,down
ENSMUSG00000059278,Naa38,Eip_2,6.623996037059089,Eip,IP,EAE,no,down
ENSMUSG00000059278,Naa38,Eip_3,7.505586852995945,Eip,IP,EAE,no,down
ENSMUSG00000059278,Naa38,Eip_4,6.299870465373034,Eip,IP,EAE,no,down
ENSMUSG00000059278,Naa38,Eip_5,5.8079354580301805,Eip,IP,EAE,no,down
ENSMUSG00000028416,Bag1,Hin_1,10.574156818004447,Hin,input,healthy,no,down
ENSMUSG00000028416,Bag1,Hin_2,10.398225703526002,Hin,input,healthy,no,down
ENSMUSG00000028416,Bag1,Hin_3,10.500136462148145,Hin,input,healthy,no,down
ENSMUSG00000028416,Bag1,Hin_4,10.59457159686067,Hin,input,healthy,no,down
ENSMUSG00000028416,Bag1,Hin_5,10.454330949062896,Hin,input,healthy,no,down
ENSMUSG00000028416,Bag1,Ein_1,10.48422739247533,Ein,input,EAE,no,down
ENSMUSG00000028416,Bag1,Ein_2,9.941392435597253,Ein,input,EAE,no,down
ENSMUSG00000028416,Bag1,Ein_3,10.00955664677219,Ein,input,EAE,no,down
ENSMUSG00000028416,Bag1,Ein_4,9.89331612204914,Ein,input,EAE,no,down
ENSMUSG00000028416,Bag1,Ein_5,10.284754780442997,Ein,input,EAE,no,down
ENSMUSG00000028416,Bag1,Hip_1,11.95575128654498,Hip,IP,healthy,no,down
ENSMUSG00000028416,Bag1,Hip_2,12.001475245274035,Hip,IP,healthy,no,down
ENSMUSG00000028416,Bag1,Hip_3,11.721443121230257,Hip,IP,healthy,no,down
ENSMUSG00000028416,Bag1,Hip_4,11.641705666064693,Hip,IP,healthy,no,down
ENSMUSG00000028416,Bag1,Hip_5,12.408304408246055,Hip,IP,healthy,no,down
ENSMUSG00000028416,Bag1,Eip_1,9.989988642622835,Eip,IP,EAE,no,down
ENSMUSG00000028416,Bag1,Eip_2,10.520579666530226,Eip,IP,EAE,no,down
ENSMUSG00000028416,Bag1,Eip_3,10.411886722235614,Eip,IP,EAE,no,down
ENSMUSG00000028416,Bag1,Eip_4,10.31778600084457,Eip,IP,EAE,no,down
ENSMUSG00000028416,Bag1,Eip_5,11.193410260215323,Eip,IP,EAE,no,down
ENSMUSG00000054850,Smim10l2a,Hin_1,7.8949735363343905,Hin,input,healthy,no,down
ENSMUSG00000054850,Smim10l2a,Hin_2,7.404043354937223,Hin,input,healthy,no,down
ENSMUSG00000054850,Smim10l2a,Hin_3,7.899220771242851,Hin,input,healthy,no,down
ENSMUSG00000054850,Smim10l2a,Hin_4,7.8738267305738265,Hin,input,healthy,no,down
ENSMUSG00000054850,Smim10l2a,Hin_5,7.571690828968445,Hin,input,healthy,no,down
ENSMUSG00000054850,Smim10l2a,Ein_1,6.825632934631375,Ein,input,EAE,no,down
ENSMUSG00000054850,Smim10l2a,Ein_2,5.3577113712669115,Ein,input,EAE,no,down
ENSMUSG00000054850,Smim10l2a,Ein_3,6.6622471034899196,Ein,input,EAE,no,down
ENSMUSG00000054850,Smim10l2a,Ein_4,5.608986278810885,Ein,input,EAE,no,down
ENSMUSG00000054850,Smim10l2a,Ein_5,6.36340187444636,Ein,input,EAE,no,down
ENSMUSG00000054850,Smim10l2a,Hip_1,8.14613299151842,Hip,IP,healthy,no,down
ENSMUSG00000054850,Smim10l2a,Hip_2,8.967403891012578,Hip,IP,healthy,no,down
ENSMUSG00000054850,Smim10l2a,Hip_3,8.992130874897262,Hip,IP,healthy,no,down
ENSMUSG00000054850,Smim10l2a,Hip_4,8.145086602620312,Hip,IP,healthy,no,down
ENSMUSG00000054850,Smim10l2a,Hip_5,9.397409804115046,Hip,IP,healthy,no,down
ENSMUSG00000054850,Smim10l2a,Eip_1,5.152236257839149,Eip,IP,EAE,no,down
ENSMUSG00000054850,Smim10l2a,Eip_2,5.908812749261368,Eip,IP,EAE,no,down
ENSMUSG00000054850,Smim10l2a,Eip_3,6.345959509292537,Eip,IP,EAE,no,down
ENSMUSG00000054850,Smim10l2a,Eip_4,5.27037805277632,Eip,IP,EAE,no,down
ENSMUSG00000054850,Smim10l2a,Eip_5,6.996100700689078,Eip,IP,EAE,no,down
ENSMUSG00000026568,Mpc2,Hin_1,9.548894641804425,Hin,input,healthy,no,down
ENSMUSG00000026568,Mpc2,Hin_2,9.108171238545621,Hin,input,healthy,no,down
ENSMUSG00000026568,Mpc2,Hin_3,9.299190547473675,Hin,input,healthy,no,down
ENSMUSG00000026568,Mpc2,Hin_4,9.511866689332237,Hin,input,healthy,no,down
ENSMUSG00000026568,Mpc2,Hin_5,9.882312683548173,Hin,input,healthy,no,down
ENSMUSG00000026568,Mpc2,Ein_1,8.854006536943361,Ein,input,EAE,no,down
ENSMUSG00000026568,Mpc2,Ein_2,8.011377134852191,Ein,input,EAE,no,down
ENSMUSG00000026568,Mpc2,Ein_3,8.600252780712427,Ein,input,EAE,no,down
ENSMUSG00000026568,Mpc2,Ein_4,8.140909948659228,Ein,input,EAE,no,down
ENSMUSG00000026568,Mpc2,Ein_5,8.7145080210852,Ein,input,EAE,no,down
ENSMUSG00000026568,Mpc2,Hip_1,10.555919842047441,Hip,IP,healthy,no,down
ENSMUSG00000026568,Mpc2,Hip_2,10.918745869871206,Hip,IP,healthy,no,down
ENSMUSG00000026568,Mpc2,Hip_3,10.697064983202926,Hip,IP,healthy,no,down
ENSMUSG00000026568,Mpc2,Hip_4,10.431086119028466,Hip,IP,healthy,no,down
ENSMUSG00000026568,Mpc2,Hip_5,11.836422915496097,Hip,IP,healthy,no,down
ENSMUSG00000026568,Mpc2,Eip_1,8.511054379920756,Eip,IP,EAE,no,down
ENSMUSG00000026568,Mpc2,Eip_2,8.665740536337426,Eip,IP,EAE,no,down
ENSMUSG00000026568,Mpc2,Eip_3,9.427407953651729,Eip,IP,EAE,no,down
ENSMUSG00000026568,Mpc2,Eip_4,7.1165224651786625,Eip,IP,EAE,no,down
ENSMUSG00000026568,Mpc2,Eip_5,9.034559750258225,Eip,IP,EAE,no,down
ENSMUSG00000041625,Ggact,Hin_1,6.739532985197385,Hin,input,healthy,no,down
ENSMUSG00000041625,Ggact,Hin_2,6.404070264812737,Hin,input,healthy,no,down
ENSMUSG00000041625,Ggact,Hin_3,6.492078513133259,Hin,input,healthy,no,down
ENSMUSG00000041625,Ggact,Hin_4,6.258252485439637,Hin,input,healthy,no,down
ENSMUSG00000041625,Ggact,Hin_5,6.592569549780231,Hin,input,healthy,no,down
ENSMUSG00000041625,Ggact,Ein_1,5.137648617977398,Ein,input,EAE,no,down
ENSMUSG00000041625,Ggact,Ein_2,4.966731146930091,Ein,input,EAE,no,down
ENSMUSG00000041625,Ggact,Ein_3,5.83978482150745,Ein,input,EAE,no,down
ENSMUSG00000041625,Ggact,Ein_4,6.082447282134822,Ein,input,EAE,no,down
ENSMUSG00000041625,Ggact,Ein_5,5.3828310834053745,Ein,input,EAE,no,down
ENSMUSG00000041625,Ggact,Hip_1,6.480152298934022,Hip,IP,healthy,no,down
ENSMUSG00000041625,Ggact,Hip_2,7.02992159553398,Hip,IP,healthy,no,down
ENSMUSG00000041625,Ggact,Hip_3,7.1974438631843896,Hip,IP,healthy,no,down
ENSMUSG00000041625,Ggact,Hip_4,7.49986560178163,Hip,IP,healthy,no,down
ENSMUSG00000041625,Ggact,Hip_5,9.511466975838509,Hip,IP,healthy,no,down
ENSMUSG00000041625,Ggact,Eip_1,4.342894369648739,Eip,IP,EAE,no,down
ENSMUSG00000041625,Ggact,Eip_2,4.392885532672507,Eip,IP,EAE,no,down
ENSMUSG00000041625,Ggact,Eip_3,4.266641216461653,Eip,IP,EAE,no,down
ENSMUSG00000041625,Ggact,Eip_4,4.170949305787567,Eip,IP,EAE,no,down
ENSMUSG00000041625,Ggact,Eip_5,5.197424337023735,Eip,IP,EAE,no,down
ENSMUSG00000057615,Ldoc1,Hin_1,5.691650622717246,Hin,input,healthy,no,down
ENSMUSG00000057615,Ldoc1,Hin_2,5.692469321473383,Hin,input,healthy,no,down
ENSMUSG00000057615,Ldoc1,Hin_3,5.816110548074171,Hin,input,healthy,no,down
ENSMUSG00000057615,Ldoc1,Hin_4,6.162898061277812,Hin,input,healthy,no,down
ENSMUSG00000057615,Ldoc1,Hin_5,5.531716328804595,Hin,input,healthy,no,down
ENSMUSG00000057615,Ldoc1,Ein_1,5.0959643957864635,Ein,input,EAE,no,down
ENSMUSG00000057615,Ldoc1,Ein_2,5.075229260018714,Ein,input,EAE,no,down
ENSMUSG00000057615,Ldoc1,Ein_3,5.147620959199777,Ein,input,EAE,no,down
ENSMUSG00000057615,Ldoc1,Ein_4,4.891887969258628,Ein,input,EAE,no,down
ENSMUSG00000057615,Ldoc1,Ein_5,4.792293631260573,Ein,input,EAE,no,down
ENSMUSG00000057615,Ldoc1,Hip_1,7.698470543115114,Hip,IP,healthy,no,down
ENSMUSG00000057615,Ldoc1,Hip_2,7.090105785814785,Hip,IP,healthy,no,down
ENSMUSG00000057615,Ldoc1,Hip_3,6.651752291681072,Hip,IP,healthy,no,down
ENSMUSG00000057615,Ldoc1,Hip_4,6.691597667748552,Hip,IP,healthy,no,down
ENSMUSG00000057615,Ldoc1,Hip_5,9.855504319359305,Hip,IP,healthy,no,down
ENSMUSG00000057615,Ldoc1,Eip_1,2.2037551036479623,Eip,IP,EAE,no,down
ENSMUSG00000057615,Ldoc1,Eip_2,5.5600568671558825,Eip,IP,EAE,no,down
ENSMUSG00000057615,Ldoc1,Eip_3,4.266641216461653,Eip,IP,EAE,no,down
ENSMUSG00000057615,Ldoc1,Eip_4,4.170949305787567,Eip,IP,EAE,no,down
ENSMUSG00000057615,Ldoc1,Eip_5,4.38916799525849,Eip,IP,EAE,no,down
ENSMUSG00000024847,Aip,Hin_1,10.64170713576467,Hin,input,healthy,no,down
ENSMUSG00000024847,Aip,Hin_2,10.466732854635937,Hin,input,healthy,no,down
ENSMUSG00000024847,Aip,Hin_3,10.643964100408702,Hin,input,healthy,no,down
ENSMUSG00000024847,Aip,Hin_4,10.766897278067471,Hin,input,healthy,no,down
ENSMUSG00000024847,Aip,Hin_5,10.318113814107846,Hin,input,healthy,no,down
ENSMUSG00000024847,Aip,Ein_1,9.478571120133003,Ein,input,EAE,no,down
ENSMUSG00000024847,Aip,Ein_2,8.360384681887126,Ein,input,EAE,no,down
ENSMUSG00000024847,Aip,Ein_3,9.399647113110559,Ein,input,EAE,no,down
ENSMUSG00000024847,Aip,Ein_4,8.73443307863851,Ein,input,EAE,no,down
ENSMUSG00000024847,Aip,Ein_5,9.125642804319781,Ein,input,EAE,no,down
ENSMUSG00000024847,Aip,Hip_1,11.376675289899726,Hip,IP,healthy,no,down
ENSMUSG00000024847,Aip,Hip_2,12.298775771768067,Hip,IP,healthy,no,down
ENSMUSG00000024847,Aip,Hip_3,11.12044395662617,Hip,IP,healthy,no,down
ENSMUSG00000024847,Aip,Hip_4,11.242920615096633,Hip,IP,healthy,no,down
ENSMUSG00000024847,Aip,Hip_5,12.433740051184442,Hip,IP,healthy,no,down
ENSMUSG00000024847,Aip,Eip_1,10.157616171955846,Eip,IP,EAE,no,down
ENSMUSG00000024847,Aip,Eip_2,10.213406276691456,Eip,IP,EAE,no,down
ENSMUSG00000024847,Aip,Eip_3,8.9143731927988,Eip,IP,EAE,no,down
ENSMUSG00000024847,Aip,Eip_4,9.044393048510598,Eip,IP,EAE,no,down
ENSMUSG00000024847,Aip,Eip_5,9.930596034108813,Eip,IP,EAE,no,down
ENSMUSG00000078570,1110065P20Rik,Hin_1,5.302976576528993,Hin,input,healthy,no,down
ENSMUSG00000078570,1110065P20Rik,Hin_2,5.0241722771506945,Hin,input,healthy,no,down
ENSMUSG00000078570,1110065P20Rik,Hin_3,5.703733280359271,Hin,input,healthy,no,down
ENSMUSG00000078570,1110065P20Rik,Hin_4,5.750026640455542,Hin,input,healthy,no,down
ENSMUSG00000078570,1110065P20Rik,Hin_5,5.616627544914998,Hin,input,healthy,no,down
ENSMUSG00000078570,1110065P20Rik,Ein_1,4.939347494547334,Ein,input,EAE,no,down
ENSMUSG00000078570,1110065P20Rik,Ein_2,3.904593942667,Ein,input,EAE,no,down
ENSMUSG00000078570,1110065P20Rik,Ein_3,4.587227621947413,Ein,input,EAE,no,down
ENSMUSG00000078570,1110065P20Rik,Ein_4,3.606475195595222,Ein,input,EAE,no,down
ENSMUSG00000078570,1110065P20Rik,Ein_5,4.742274231843294,Ein,input,EAE,no,down
ENSMUSG00000078570,1110065P20Rik,Hip_1,6.8392966461550975,Hip,IP,healthy,no,down
ENSMUSG00000078570,1110065P20Rik,Hip_2,6.254633494294074,Hip,IP,healthy,no,down
ENSMUSG00000078570,1110065P20Rik,Hip_3,6.2081286556544155,Hip,IP,healthy,no,down
ENSMUSG00000078570,1110065P20Rik,Hip_4,6.760434636668284,Hip,IP,healthy,no,down
ENSMUSG00000078570,1110065P20Rik,Hip_5,7.0169613876015005,Hip,IP,healthy,no,down
ENSMUSG00000078570,1110065P20Rik,Eip_1,4.342894369648739,Eip,IP,EAE,no,down
ENSMUSG00000078570,1110065P20Rik,Eip_2,4.392885532672507,Eip,IP,EAE,no,down
ENSMUSG00000078570,1110065P20Rik,Eip_3,5.188813475492764,Eip,IP,EAE,no,down
ENSMUSG00000078570,1110065P20Rik,Eip_4,2.2037551036479623,Eip,IP,EAE,no,down
ENSMUSG00000078570,1110065P20Rik,Eip_5,4.19011514796471,Eip,IP,EAE,no,down
ENSMUSG00000029642,Polr1d,Hin_1,8.553673641910482,Hin,input,healthy,no,down
ENSMUSG00000029642,Polr1d,Hin_2,8.320196629317376,Hin,input,healthy,no,down
ENSMUSG00000029642,Polr1d,Hin_3,8.445705162559149,Hin,input,healthy,no,down
ENSMUSG00000029642,Polr1d,Hin_4,8.649320445455595,Hin,input,healthy,no,down
ENSMUSG00000029642,Polr1d,Hin_5,8.64505937534878,Hin,input,healthy,no,down
ENSMUSG00000029642,Polr1d,Ein_1,8.66913033728001,Ein,input,EAE,no,down
ENSMUSG00000029642,Polr1d,Ein_2,8.024700799041698,Ein,input,EAE,no,down
ENSMUSG00000029642,Polr1d,Ein_3,8.301193137858702,Ein,input,EAE,no,down
ENSMUSG00000029642,Polr1d,Ein_4,8.211384830054442,Ein,input,EAE,no,down
ENSMUSG00000029642,Polr1d,Ein_5,8.80309378569472,Ein,input,EAE,no,down
ENSMUSG00000029642,Polr1d,Hip_1,9.974440545777778,Hip,IP,healthy,no,down
ENSMUSG00000029642,Polr1d,Hip_2,10.069696871426713,Hip,IP,healthy,no,down
ENSMUSG00000029642,Polr1d,Hip_3,10.414773986144974,Hip,IP,healthy,no,down
ENSMUSG00000029642,Polr1d,Hip_4,9.89632428856838,Hip,IP,healthy,no,down
ENSMUSG00000029642,Polr1d,Hip_5,10.241585882157539,Hip,IP,healthy,no,down
ENSMUSG00000029642,Polr1d,Eip_1,8.667442999487639,Eip,IP,EAE,no,down
ENSMUSG00000029642,Polr1d,Eip_2,8.11915167595292,Eip,IP,EAE,no,down
ENSMUSG00000029642,Polr1d,Eip_3,9.158861116392687,Eip,IP,EAE,no,down
ENSMUSG00000029642,Polr1d,Eip_4,9.14952395585532,Eip,IP,EAE,no,down
ENSMUSG00000029642,Polr1d,Eip_5,9.089636117914328,Eip,IP,EAE,no,down
